Territorio;ETA1;Sesso;TIME;Value;latitudine;longitudine
Torino;Y15-24;maschi;2022;25.432063;45.0703;7.6869
Torino;Y15-24;femmine;2022;23.400688;45.0703;7.6869
Torino;Y25-34;maschi;2022;8.33115;45.0703;7.6869
Torino;Y25-34;femmine;2022;14.492863;45.0703;7.6869
Torino;Y50-74;maschi;2022;5.414427;45.0703;7.6869
Torino;Y50-74;femmine;2022;5.818841;45.0703;7.6869
Torino;Y35-49;femmine;2022;5.275451;45.0703;7.6869
Torino;Y35-49;maschi;2022;4.861558;45.0703;7.6869
Vercelli;Y15-24;maschi;2022;16.308875;45.3231;8.4233
Vercelli;Y15-24;femmine;2022;13.961606;45.3231;8.4233
Vercelli;Y25-34;maschi;2022;5.842138;45.3231;8.4233
Vercelli;Y25-34;femmine;2022;7.788986;45.3231;8.4233
Vercelli;Y50-74;maschi;2022;5.677609;45.3231;8.4233
Vercelli;Y35-49;femmine;2022;5.073162;45.3231;8.4233
Vercelli;Y50-74;femmine;2022;4.576385;45.3231;8.4233
Vercelli;Y35-49;maschi;2022;1.90282;45.3231;8.4233
Biella;Y15-24;maschi;2022;17.371548;45.5628;8.053
Biella;Y15-24;femmine;2022;22.545455;45.5628;8.053
Biella;Y25-34;maschi;2022;5.917539;45.5628;8.053
Biella;Y25-34;femmine;2022;4.307432;45.5628;8.053
Biella;Y50-74;maschi;2022;1.518727;45.5628;8.053
Biella;Y50-74;femmine;2022;3.012396;45.5628;8.053
Biella;Y35-49;femmine;2022;3.987266;45.5628;8.053
Biella;Y35-49;maschi;2022;0.780031;45.5628;8.053
Verbano-Cusio-Ossola;Y15-24;maschi;2022;22.191235;45.9784;8.4439
Verbano-Cusio-Ossola;Y15-24;femmine;2022;6.413994;45.9784;8.4439
Verbano-Cusio-Ossola;Y25-34;maschi;2022;6.605883;45.9784;8.4439
Verbano-Cusio-Ossola;Y25-34;femmine;2022;6.892019;45.9784;8.4439
Verbano-Cusio-Ossola;Y50-74;maschi;2022;3.613023;45.9784;8.4439
Verbano-Cusio-Ossola;Y35-49;femmine;2022;4.693912;45.9784;8.4439
Verbano-Cusio-Ossola;Y50-74;femmine;2022;5.039419;45.9784;8.4439
Verbano-Cusio-Ossola;Y35-49;maschi;2022;6.493506;45.9784;8.4439
Novara;Y15-24;maschi;2022;20.921502;45.4459;8.6218
Novara;Y15-24;femmine;2022;24.494189;45.4459;8.6218
Novara;Y25-34;maschi;2022;4.200282;45.4459;8.6218
Novara;Y25-34;femmine;2022;9.840426;45.4459;8.6218
Novara;Y50-74;femmine;2022;4.179981;45.4459;8.6218
Novara;Y35-49;maschi;2022;5.405328;45.4459;8.6218
Novara;Y50-74;maschi;2022;6.073251;45.4459;8.6218
Novara;Y35-49;femmine;2022;4.982865;45.4459;8.6218
Cuneo;Y15-24;maschi;2022;15.468243;44.3845;7.5415
Cuneo;Y15-24;femmine;2022;4.428402;44.3845;7.5415
Cuneo;Y25-34;maschi;2022;2.897857;44.3845;7.5415
Cuneo;Y25-34;femmine;2022;8.536111;44.3845;7.5415
Cuneo;Y35-49;femmine;2022;4.042364;44.3845;7.5415
Cuneo;Y35-49;maschi;2022;2.631914;44.3845;7.5415
Cuneo;Y50-74;maschi;2022;1.675878;44.3845;7.5415
Cuneo;Y50-74;femmine;2022;1.910916;44.3845;7.5415
Asti;Y15-24;maschi;2022;33.716475;44.8996;8.0447
Asti;Y15-24;femmine;2022;18.153981;44.8996;8.0447
Asti;Y25-34;maschi;2022;10.306671;44.8996;8.0447
Asti;Y25-34;femmine;2022;8.816457;44.8996;8.0447
Asti;Y50-74;femmine;2022;7.420045;44.8996;8.0447
Asti;Y35-49;femmine;2022;7.840493;44.8996;8.0447
Asti;Y50-74;maschi;2022;7.071415;44.8996;8.0447
Asti;Y35-49;maschi;2022;2.436911;44.8996;8.0447
Alessandria;Y15-24;maschi;2022;26.944065;44.9158;8.615
Alessandria;Y15-24;femmine;2022;9.187675;44.9158;8.615
Alessandria;Y25-34;maschi;2022;8.160562;44.9158;8.615
Alessandria;Y25-34;femmine;2022;15.837206;44.9158;8.615
Alessandria;Y50-74;femmine;2022;5.207282;44.9158;8.615
Alessandria;Y35-49;femmine;2022;10.44367;44.9158;8.615
Alessandria;Y50-74;maschi;2022;4.225352;44.9158;8.615
Alessandria;Y35-49;maschi;2022;2.029473;44.9158;8.615
Valle d'Aosta / Vallée d'Aoste;Y15-24;maschi;2022;19.344106;45.737;7.315
Valle d'Aosta / Vallée d'Aoste;Y15-24;femmine;2022;18.35781;45.737;7.315
Valle d'Aosta / Vallée d'Aoste;Y25-34;maschi;2022;4.176115;45.737;7.315
Valle d'Aosta / Vallée d'Aoste;Y25-34;femmine;2022;8.193945;45.737;7.315
Valle d'Aosta / Vallée d'Aoste;Y50-74;maschi;2022;3.28514;45.737;7.315
Valle d'Aosta / Vallée d'Aoste;Y35-49;femmine;2022;6.299521;45.737;7.315
Valle d'Aosta / Vallée d'Aoste;Y50-74;femmine;2022;4.058585;45.737;7.315
Valle d'Aosta / Vallée d'Aoste;Y35-49;maschi;2022;2.958422;45.737;7.315
Imperia;Y15-24;maschi;2022;20.305762;43.8832;8.0377
Imperia;Y15-24;femmine;2022;33.846732;43.8832;8.0377
Imperia;Y25-34;maschi;2022;5.783789;43.8832;8.0377
Imperia;Y25-34;femmine;2022;28.141036;43.8832;8.0377
Imperia;Y50-74;maschi;2022;7.3868;43.8832;8.0377
Imperia;Y35-49;femmine;2022;4.731316;43.8832;8.0377
Imperia;Y50-74;femmine;2022;9.02633;43.8832;8.0377
Imperia;Y35-49;maschi;2022;5.184311;43.8832;8.0377
Savona;Y15-24;maschi;2022;4.224059;44.3083;8.4786
Savona;Y15-24;femmine;2022;21.054433;44.3083;8.4786
Savona;Y25-34;maschi;2022;7.944634;44.3083;8.4786
Savona;Y25-34;femmine;2022;8.412098;44.3083;8.4786
Savona;Y35-49;femmine;2022;4.799047;44.3083;8.4786
Savona;Y35-49;maschi;2022;4.098282;44.3083;8.4786
Savona;Y50-74;maschi;2022;1.433381;44.3083;8.4786
Savona;Y50-74;femmine;2022;6.165693;44.3083;8.4786
Genova;Y15-24;maschi;2022;24.214792;44.4056;8.9463
Genova;Y15-24;femmine;2022;28.045949;44.4056;8.9463
Genova;Y25-34;maschi;2022;6.967009;44.4056;8.9463
Genova;Y25-34;femmine;2022;10.279808;44.4056;8.9463
Genova;Y50-74;femmine;2022;5.259552;44.4056;8.9463
Genova;Y35-49;femmine;2022;6.776524;44.4056;8.9463
Genova;Y50-74;maschi;2022;4.675699;44.4056;8.9463
Genova;Y35-49;maschi;2022;3.71859;44.4056;8.9463
La Spezia;Y15-24;maschi;2022;18.197574;44.11;9.8272
La Spezia;Y15-24;femmine;2022;43.729263;44.11;9.8272
La Spezia;Y25-34;maschi;2022;9.133547;44.11;9.8272
La Spezia;Y25-34;femmine;2022;14.895793;44.11;9.8272
La Spezia;Y50-74;maschi;2022;3.989448;44.11;9.8272
La Spezia;Y50-74;femmine;2022;4.177708;44.11;9.8272
La Spezia;Y35-49;femmine;2022;15.472582;44.11;9.8272
La Spezia;Y35-49;maschi;2022;2.820499;44.11;9.8272
Varese;Y15-24;maschi;2022;16.560236;45.8174;8.8265
Varese;Y15-24;femmine;2022;22.434095;45.8174;8.8265
Varese;Y25-34;maschi;2022;4.09097;45.8174;8.8265
Varese;Y25-34;femmine;2022;12.303016;45.8174;8.8265
Varese;Y50-74;maschi;2022;1.079271;45.8174;8.8265
Varese;Y50-74;femmine;2022;4.224762;45.8174;8.8265
Varese;Y35-49;femmine;2022;3.056849;45.8174;8.8265
Varese;Y35-49;maschi;2022;2.189004;45.8174;8.8265
Como;Y15-24;maschi;2022;20.6165;45.8081;9.0852
Como;Y15-24;femmine;2022;24.766558;45.8081;9.0852
Como;Y25-34;maschi;2022;5.359348;45.8081;9.0852
Como;Y25-34;femmine;2022;9.772049;45.8081;9.0852
Como;Y35-49;femmine;2022;7.184154;45.8081;9.0852
Como;Y50-74;maschi;2022;2.390445;45.8081;9.0852
Como;Y35-49;maschi;2022;5.048458;45.8081;9.0852
Como;Y50-74;femmine;2022;3.666104;45.8081;9.0852
Lecco;Y15-24;maschi;2022;10.877544;45.8554;9.39
Lecco;Y15-24;femmine;2022;4.590007;45.8554;9.39
Lecco;Y25-34;maschi;2022;3.543362;45.8554;9.39
Lecco;Y25-34;femmine;2022;5.453326;45.8554;9.39
Lecco;Y35-49;femmine;2022;2.786879;45.8554;9.39
Lecco;Y35-49;maschi;2022;0.893486;45.8554;9.39
Lecco;Y50-74;maschi;2022;1.565045;45.8554;9.39
Lecco;Y50-74;femmine;2022;2.739915;45.8554;9.39
Sondrio;Y15-24;maschi;2022;21.007503;46.1709;9.8717
Sondrio;Y15-24;femmine;2022;24.753173;46.1709;9.8717
Sondrio;Y25-34;maschi;2022;6.097873;46.1709;9.8717
Sondrio;Y25-34;femmine;2022;11.663834;46.1709;9.8717
Sondrio;Y35-49;femmine;2022;6.836134;46.1709;9.8717
Sondrio;Y50-74;maschi;2022;3.456702;46.1709;9.8717
Sondrio;Y35-49;maschi;2022;4.191916;46.1709;9.8717
Sondrio;Y50-74;femmine;2022;3.098788;46.1709;9.8717
Milano;Y15-24;maschi;2022;15.819508;45.4642;9.19
Milano;Y15-24;femmine;2022;21.898795;45.4642;9.19
Milano;Y25-34;maschi;2022;5.5608;45.4642;9.19
Milano;Y25-34;femmine;2022;7.975902;45.4642;9.19
Milano;Y50-74;femmine;2022;4.328272;45.4642;9.19
Milano;Y35-49;femmine;2022;5.936282;45.4642;9.19
Milano;Y50-74;maschi;2022;3.357734;45.4642;9.19
Milano;Y35-49;maschi;2022;3.365167;45.4642;9.19
Bergamo;Y15-24;maschi;2022;10.159215;45.694;9.6698
Bergamo;Y15-24;femmine;2022;16.83155;45.694;9.6698
Bergamo;Y25-34;maschi;2022;1.39246;45.694;9.6698
Bergamo;Y25-34;femmine;2022;3.433878;45.694;9.6698
Bergamo;Y35-49;femmine;2022;4.66024;45.694;9.6698
Bergamo;Y35-49;maschi;2022;1.825138;45.694;9.6698
Bergamo;Y50-74;maschi;2022;1.87419;45.694;9.6698
Bergamo;Y50-74;femmine;2022;3.176178;45.694;9.6698
Brescia;Y15-24;maschi;2022;5.473789;45.5416;10.2118
Brescia;Y15-24;femmine;2022;6.803834;45.5416;10.2118
Brescia;Y25-34;maschi;2022;1.871215;45.5416;10.2118
Brescia;Y25-34;femmine;2022;7.458249;45.5416;10.2118
Brescia;Y50-74;maschi;2022;1.785156;45.5416;10.2118
Brescia;Y50-74;femmine;2022;6.140339;45.5416;10.2118
Brescia;Y35-49;femmine;2022;7.602075;45.5416;10.2118
Brescia;Y35-49;maschi;2022;1.297513;45.5416;10.2118
Pavia;Y15-24;maschi;2022;26.306799;45.1847;9.1586
Pavia;Y15-24;femmine;2022;24.651325;45.1847;9.1586
Pavia;Y25-34;maschi;2022;5.674537;45.1847;9.1586
Pavia;Y25-34;femmine;2022;8.355187;45.1847;9.1586
Pavia;Y50-74;maschi;2022;3.24221;45.1847;9.1586
Pavia;Y35-49;femmine;2022;5.186931;45.1847;9.1586
Pavia;Y50-74;femmine;2022;6.480581;45.1847;9.1586
Pavia;Y35-49;maschi;2022;2.810983;45.1847;9.1586
Lodi;Y15-24;maschi;2022;13.851992;45.3097;9.5037
Lodi;Y15-24;femmine;2022;8.563273;45.3097;9.5037
Lodi;Y25-34;maschi;2022;5.626529;45.3097;9.5037
Lodi;Y25-34;femmine;2022;11.02337;45.3097;9.5037
Lodi;Y50-74;maschi;2022;3.179178;45.3097;9.5037
Lodi;Y50-74;femmine;2022;3.826794;45.3097;9.5037
Lodi;Y35-49;femmine;2022;4.530744;45.3097;9.5037
Lodi;Y35-49;maschi;2022;3.700986;45.3097;9.5037
Cremona;Y15-24;maschi;2022;19.321368;45.1334;10.024
Cremona;Y15-24;femmine;2022;6.194081;45.1334;10.024
Cremona;Y25-34;maschi;2022;4.901643;45.1334;10.024
Cremona;Y25-34;femmine;2022;7.528271;45.1334;10.024
Cremona;Y35-49;femmine;2022;4.833849;45.1334;10.024
Cremona;Y50-74;maschi;2022;1.303098;45.1334;10.024
Cremona;Y35-49;maschi;2022;6.392877;45.1334;10.024
Cremona;Y50-74;femmine;2022;4.804601;45.1334;10.024
Mantova;Y15-24;maschi;2022;17.21266;45.1568;10.7919
Mantova;Y15-24;femmine;2022;11.275056;45.1568;10.7919
Mantova;Y25-34;maschi;2022;4.566751;45.1568;10.7919
Mantova;Y25-34;femmine;2022;3.630053;45.1568;10.7919
Mantova;Y35-49;femmine;2022;4.684372;45.1568;10.7919
Mantova;Y35-49;maschi;2022;3.389243;45.1568;10.7919
Mantova;Y50-74;maschi;2022;2.45662;45.1568;10.7919
Mantova;Y50-74;femmine;2022;4.899056;45.1568;10.7919
Provincia Autonoma Bolzano / Bozen;Y15-24;maschi;2022;4.471881;46.4983;11.345
Provincia Autonoma Bolzano / Bozen;Y15-24;femmine;2022;3.966083;46.4983;11.345
Provincia Autonoma Bolzano / Bozen;Y25-34;maschi;2022;1.308264;46.4983;11.345
Provincia Autonoma Bolzano / Bozen;Y25-34;femmine;2022;3.899746;46.4983;11.345
Provincia Autonoma Bolzano / Bozen;Y50-74;maschi;2022;1.701715;46.4983;11.345
Provincia Autonoma Bolzano / Bozen;Y50-74;femmine;2022;2.203206;46.4983;11.345
Provincia Autonoma Bolzano / Bozen;Y35-49;femmine;2022;3.154367;46.4983;11.345
Provincia Autonoma Bolzano / Bozen;Y35-49;maschi;2022;1.079279;46.4983;11.345
Provincia Autonoma Trento;Y15-24;maschi;2022;11.480469;46.0664;11.1212
Provincia Autonoma Trento;Y15-24;femmine;2022;12.907554;46.0664;11.1212
Provincia Autonoma Trento;Y25-34;maschi;2022;4.243005;46.0664;11.1212
Provincia Autonoma Trento;Y25-34;femmine;2022;5.656593;46.0664;11.1212
Provincia Autonoma Trento;Y35-49;femmine;2022;4.731183;46.0664;11.1212
Provincia Autonoma Trento;Y50-74;maschi;2022;1.785932;46.0664;11.1212
Provincia Autonoma Trento;Y35-49;maschi;2022;0.888426;46.0664;11.1212
Provincia Autonoma Trento;Y50-74;femmine;2022;3.566228;46.0664;11.1212
Verona;Y15-24;maschi;2022;9.888829;45.4384;10.9916
Verona;Y15-24;femmine;2022;12.38843;45.4384;10.9916
Verona;Y25-34;maschi;2022;3.556835;45.4384;10.9916
Verona;Y25-34;femmine;2022;5.241738;45.4384;10.9916
Verona;Y35-49;femmine;2022;3.325655;45.4384;10.9916
Verona;Y50-74;maschi;2022;1.821984;45.4384;10.9916
Verona;Y35-49;maschi;2022;1.550847;45.4384;10.9916
Verona;Y50-74;femmine;2022;2.166432;45.4384;10.9916
Vicenza;Y15-24;maschi;2022;5.399696;45.5475;11.5469
Vicenza;Y15-24;femmine;2022;15.259615;45.5475;11.5469
Vicenza;Y25-34;maschi;2022;3.744353;45.5475;11.5469
Vicenza;Y25-34;femmine;2022;7.424849;45.5475;11.5469
Vicenza;Y35-49;femmine;2022;3.276174;45.5475;11.5469
Vicenza;Y35-49;maschi;2022;1.365614;45.5475;11.5469
Vicenza;Y50-74;maschi;2022;2.760085;45.5475;11.5469
Vicenza;Y50-74;femmine;2022;2.567526;45.5475;11.5469
Belluno;Y15-24;maschi;2022;16.85073;46.1444;12.2215
Belluno;Y15-24;femmine;2022;7.136061;46.1444;12.2215
Belluno;Y25-34;maschi;2022;1.685134;46.1444;12.2215
Belluno;Y25-34;femmine;2022;6.891559;46.1444;12.2215
Belluno;Y50-74;maschi;2022;1.804608;46.1444;12.2215
Belluno;Y50-74;femmine;2022;2.172102;46.1444;12.2215
Belluno;Y35-49;femmine;2022;2.077369;46.1444;12.2215
Belluno;Y35-49;maschi;2022;1.383078;46.1444;12.2215
Treviso;Y15-24;maschi;2022;14.242934;45.6669;12.243
Treviso;Y15-24;femmine;2022;15.954144;45.6669;12.243
Treviso;Y25-34;maschi;2022;4.666764;45.6669;12.243
Treviso;Y25-34;femmine;2022;9.982717;45.6669;12.243
Treviso;Y35-49;maschi;2022;3.330775;45.6669;12.243
Treviso;Y50-74;maschi;2022;2.778664;45.6669;12.243
Treviso;Y50-74;femmine;2022;5.132412;45.6669;12.243
Treviso;Y35-49;femmine;2022;3.86948;45.6669;12.243
Venezia;Y15-24;maschi;2022;17.034373;45.4408;12.3155
Venezia;Y15-24;femmine;2022;5.563117;45.4408;12.3155
Venezia;Y25-34;maschi;2022;3.703891;45.4408;12.3155
Venezia;Y25-34;femmine;2022;5.925015;45.4408;12.3155
Venezia;Y50-74;maschi;2022;2.421752;45.4408;12.3155
Venezia;Y50-74;femmine;2022;3.451926;45.4408;12.3155
Venezia;Y35-49;femmine;2022;5.856103;45.4408;12.3155
Venezia;Y35-49;maschi;2022;2.629067;45.4408;12.3155
Padova;Y15-24;maschi;2022;14.420305;45.4064;11.8768
Padova;Y15-24;femmine;2022;24.23686;45.4064;11.8768
Padova;Y25-34;maschi;2022;3.36579;45.4064;11.8768
Padova;Y25-34;femmine;2022;4.429738;45.4064;11.8768
Padova;Y35-49;femmine;2022;6.378793;45.4064;11.8768
Padova;Y50-74;maschi;2022;2.714265;45.4064;11.8768
Padova;Y35-49;maschi;2022;1.247093;45.4064;11.8768
Padova;Y50-74;femmine;2022;3.914119;45.4064;11.8768
Rovigo;Y15-24;maschi;2022;12.025466;45.0711;11.7906
Rovigo;Y15-24;femmine;2022;26.263697;45.0711;11.7906
Rovigo;Y25-34;maschi;2022;3.126014;45.0711;11.7906
Rovigo;Y25-34;femmine;2022;8.771715;45.0711;11.7906
Rovigo;Y35-49;femmine;2022;10.288238;45.0711;11.7906
Rovigo;Y35-49;maschi;2022;7.000876;45.0711;11.7906
Rovigo;Y50-74;maschi;2022;5.398986;45.0711;11.7906
Rovigo;Y50-74;femmine;2022;10.836386;45.0711;11.7906
Pordenone;Y15-24;maschi;2022;14.238042;45.9544;12.6603
Pordenone;Y15-24;femmine;2022;10.432432;45.9544;12.6603
Pordenone;Y25-34;maschi;2022;0.283583;45.9544;12.6603
Pordenone;Y25-34;femmine;2022;8.083728;45.9544;12.6603
Pordenone;Y35-49;femmine;2022;2.17009;45.9544;12.6603
Pordenone;Y50-74;maschi;2022;0.746448;45.9544;12.6603
Pordenone;Y35-49;maschi;2022;0.81638;45.9544;12.6603
Pordenone;Y50-74;femmine;2022;6.664618;45.9544;12.6603
Udine;Y15-24;maschi;2022;13.739988;46.0711;13.2344
Udine;Y15-24;femmine;2022;11.1447;46.0711;13.2344
Udine;Y25-34;maschi;2022;5.067218;46.0711;13.2344
Udine;Y25-34;femmine;2022;8.552062;46.0711;13.2344
Udine;Y35-49;femmine;2022;7.982772;46.0711;13.2344
Udine;Y35-49;maschi;2022;4.477551;46.0711;13.2344
Udine;Y50-74;maschi;2022;4.833809;46.0711;13.2344
Udine;Y50-74;femmine;2022;5.527115;46.0711;13.2344
Gorizia;Y15-24;maschi;2022;22.072452;45.9414;13.6219
Gorizia;Y15-24;femmine;2022;28.708551;45.9414;13.6219
Gorizia;Y25-34;maschi;2022;2.979962;45.9414;13.6219
Gorizia;Y25-34;femmine;2022;6.75734;45.9414;13.6219
Gorizia;Y35-49;maschi;2022;2.885743;45.9414;13.6219
Gorizia;Y50-74;maschi;2022;4.042417;45.9414;13.6219
Gorizia;Y50-74;femmine;2022;4.227364;45.9414;13.6219
Gorizia;Y35-49;femmine;2022;8.57381;45.9414;13.6219
Trieste;Y15-24;maschi;2022;14.872738;45.6495;13.7768
Trieste;Y15-24;femmine;2022;31.50832;45.6495;13.7768
Trieste;Y25-34;maschi;2022;9.364023;45.6495;13.7768
Trieste;Y25-34;femmine;2022;10.50967;45.6495;13.7768
Trieste;Y35-49;femmine;2022;4.950395;45.6495;13.7768
Trieste;Y50-74;maschi;2022;4.040176;45.6495;13.7768
Trieste;Y35-49;maschi;2022;4.25954;45.6495;13.7768
Trieste;Y50-74;femmine;2022;4.079503;45.6495;13.7768
Piacenza;Y15-24;maschi;2022;21.369477;45.0519;9.6929
Piacenza;Y15-24;femmine;2022;17.522899;45.0519;9.6929
Piacenza;Y25-34;maschi;2022;5.104112;45.0519;9.6929
Piacenza;Y25-34;femmine;2022;12.658913;45.0519;9.6929
Piacenza;Y35-49;femmine;2022;8.494836;45.0519;9.6929
Piacenza;Y50-74;maschi;2022;3.155798;45.0519;9.6929
Piacenza;Y35-49;maschi;2022;3.285971;45.0519;9.6929
Piacenza;Y50-74;femmine;2022;5.384473;45.0519;9.6929
Parma;Y15-24;maschi;2022;4.14008;44.8015;10.3279
Parma;Y15-24;femmine;2022;32.232267;44.8015;10.3279
Parma;Y25-34;maschi;2022;6.867364;44.8015;10.3279
Parma;Y25-34;femmine;2022;6.504784;44.8015;10.3279
Parma;Y35-49;femmine;2022;8.897216;44.8015;10.3279
Parma;Y50-74;maschi;2022;2.305596;44.8015;10.3279
Parma;Y35-49;maschi;2022;3.569243;44.8015;10.3279
Parma;Y50-74;femmine;2022;3.562363;44.8015;10.3279
Reggio nell'Emilia;Y15-24;maschi;2022;9.622396;44.6981;10.6318
Reggio nell'Emilia;Y15-24;femmine;2022;13.41986;44.6981;10.6318
Reggio nell'Emilia;Y25-34;maschi;2022;4.58917;44.6981;10.6318
Reggio nell'Emilia;Y25-34;femmine;2022;6.050792;44.6981;10.6318
Reggio nell'Emilia;Y35-49;maschi;2022;2.964366;44.6981;10.6318
Reggio nell'Emilia;Y50-74;maschi;2022;2.70021;44.6981;10.6318
Reggio nell'Emilia;Y35-49;femmine;2022;6.458939;44.6981;10.6318
Reggio nell'Emilia;Y50-74;femmine;2022;1.640819;44.6981;10.6318
Modena;Y15-24;maschi;2022;13.915998;44.6471;10.9252
Modena;Y15-24;femmine;2022;19.420601;44.6471;10.9252
Modena;Y25-34;maschi;2022;7.823697;44.6471;10.9252
Modena;Y25-34;femmine;2022;7.746806;44.6471;10.9252
Modena;Y35-49;maschi;2022;1.528899;44.6471;10.9252
Modena;Y50-74;maschi;2022;3.319048;44.6471;10.9252
Modena;Y50-74;femmine;2022;3.958626;44.6471;10.9252
Modena;Y35-49;femmine;2022;5.452515;44.6471;10.9252
Bologna;Y15-24;maschi;2022;14.124629;44.4949;11.3426
Bologna;Y15-24;femmine;2022;31.961006;44.4949;11.3426
Bologna;Y25-34;maschi;2022;5.604784;44.4949;11.3426
Bologna;Y25-34;femmine;2022;2.892432;44.4949;11.3426
Bologna;Y35-49;maschi;2022;2.269434;44.4949;11.3426
Bologna;Y50-74;maschi;2022;1.815644;44.4949;11.3426
Bologna;Y50-74;femmine;2022;2.021396;44.4949;11.3426
Bologna;Y35-49;femmine;2022;2.842116;44.4949;11.3426
Ferrara;Y15-24;maschi;2022;25.728597;44.8378;11.6208
Ferrara;Y15-24;femmine;2022;25.113215;44.8378;11.6208
Ferrara;Y25-34;maschi;2022;11.080997;44.8378;11.6208
Ferrara;Y25-34;femmine;2022;18.639391;44.8378;11.6208
Ferrara;Y50-74;maschi;2022;3.14728;44.8378;11.6208
Ferrara;Y50-74;femmine;2022;7.901934;44.8378;11.6208
Ferrara;Y35-49;femmine;2022;7.43716;44.8378;11.6208
Ferrara;Y35-49;maschi;2022;5.929051;44.8378;11.6208
Ravenna;Y15-24;maschi;2022;5.777927;44.4184;12.2037
Ravenna;Y15-24;femmine;2022;15.862808;44.4184;12.2037
Ravenna;Y25-34;maschi;2022;3.302647;44.4184;12.2037
Ravenna;Y25-34;femmine;2022;8.078675;44.4184;12.2037
Ravenna;Y50-74;femmine;2022;7.331927;44.4184;12.2037
Ravenna;Y35-49;femmine;2022;6.51877;44.4184;12.2037
Ravenna;Y35-49;maschi;2022;3.641977;44.4184;12.2037
Ravenna;Y50-74;maschi;2022;3.382394;44.4184;12.2037
Forlì-Cesena;Y15-24;maschi;2022;15.10876;44.2223;12.0406
Forlì-Cesena;Y15-24;femmine;2022;6.270154;44.2223;12.0406
Forlì-Cesena;Y25-34;maschi;2022;3.234763;44.2223;12.0406
Forlì-Cesena;Y25-34;femmine;2022;4.576131;44.2223;12.0406
Forlì-Cesena;Y35-49;femmine;2022;3.618271;44.2223;12.0406
Forlì-Cesena;Y35-49;maschi;2022;2.559555;44.2223;12.0406
Forlì-Cesena;Y50-74;maschi;2022;1.941773;44.2223;12.0406
Forlì-Cesena;Y50-74;femmine;2022;5.565818;44.2223;12.0406
Rimini;Y15-24;maschi;2022;24.725377;44.0678;12.5695
Rimini;Y15-24;femmine;2022;26.759287;44.0678;12.5695
Rimini;Y25-34;maschi;2022;8.681255;44.0678;12.5695
Rimini;Y25-34;femmine;2022;4.143739;44.0678;12.5695
Rimini;Y35-49;femmine;2022;12.335025;44.0678;12.5695
Rimini;Y50-74;maschi;2022;4.20268;44.0678;12.5695
Rimini;Y35-49;maschi;2022;2.173978;44.0678;12.5695
Rimini;Y50-74;femmine;2022;2.2886;44.0678;12.5695
Massa-Carrara;Y15-24;maschi;2022;16.598695;44.0366;10.1021
Massa-Carrara;Y15-24;femmine;2022;3.695573;44.0366;10.1021
Massa-Carrara;Y25-34;maschi;2022;10.688573;44.0366;10.1021
Massa-Carrara;Y25-34;femmine;2022;20.542317;44.0366;10.1021
Massa-Carrara;Y35-49;maschi;2022;5.29305;44.0366;10.1021
Massa-Carrara;Y50-74;maschi;2022;6.731535;44.0366;10.1021
Massa-Carrara;Y50-74;femmine;2022;9.973342;44.0366;10.1021
Massa-Carrara;Y35-49;femmine;2022;9.915727;44.0366;10.1021
Lucca;Y15-24;maschi;2022;23.883095;43.8376;10.4951
Lucca;Y15-24;femmine;2022;31.832683;43.8376;10.4951
Lucca;Y25-34;maschi;2022;2.334076;43.8376;10.4951
Lucca;Y25-34;femmine;2022;12.803732;43.8376;10.4951
Lucca;Y35-49;maschi;2022;3.206903;43.8376;10.4951
Lucca;Y50-74;maschi;2022;4.54883;43.8376;10.4951
Lucca;Y50-74;femmine;2022;6.208959;43.8376;10.4951
Lucca;Y35-49;femmine;2022;6.276281;43.8376;10.4951
Pistoia;Y15-24;maschi;2022;15.085714;43.9336;10.9211
Pistoia;Y15-24;femmine;2022;14.823935;43.9336;10.9211
Pistoia;Y25-34;maschi;2022;4.900501;43.9336;10.9211
Pistoia;Y25-34;femmine;2022;8.109679;43.9336;10.9211
Pistoia;Y35-49;maschi;2022;1.454296;43.9336;10.9211
Pistoia;Y50-74;femmine;2022;7.887324;43.9336;10.9211
Pistoia;Y35-49;femmine;2022;8.867992;43.9336;10.9211
Pistoia;Y50-74;maschi;2022;6.136831;43.9336;10.9211
Firenze;Y15-24;maschi;2022;24.287914;43.7696;11.2558
Firenze;Y15-24;femmine;2022;23.872228;43.7696;11.2558
Firenze;Y25-34;maschi;2022;5.083015;43.7696;11.2558
Firenze;Y25-34;femmine;2022;8.069592;43.7696;11.2558
Firenze;Y35-49;femmine;2022;6.453316;43.7696;11.2558
Firenze;Y50-74;maschi;2022;5.103227;43.7696;11.2558
Firenze;Y35-49;maschi;2022;2.95902;43.7696;11.2558
Firenze;Y50-74;femmine;2022;3.28207;43.7696;11.2558
Prato;Y15-24;maschi;2022;10.400531;43.8806;11.097
Prato;Y15-24;femmine;2022;10.844116;43.8806;11.097
Prato;Y25-34;maschi;2022;14.456947;43.8806;11.097
Prato;Y25-34;femmine;2022;1.459154;43.8806;11.097
Prato;Y35-49;femmine;2022;7.407701;43.8806;11.097
Prato;Y35-49;maschi;2022;4.762073;43.8806;11.097
Prato;Y50-74;maschi;2022;2.901495;43.8806;11.097
Prato;Y50-74;femmine;2022;6.68253;43.8806;11.097
Livorno;Y15-24;maschi;2022;20.792393;43.5485;10.3106
Livorno;Y25-34;femmine;2022;9.238942;43.5485;10.3106
Livorno;Y25-34;maschi;2022;5.716152;43.5485;10.3106
Livorno;Y15-24;femmine;2022;21.790055;43.5485;10.3106
Livorno;Y35-49;maschi;2022;0.572912;43.5485;10.3106
Livorno;Y50-74;maschi;2022;2.340916;43.5485;10.3106
Livorno;Y35-49;femmine;2022;7.517528;43.5485;10.3106
Livorno;Y50-74;femmine;2022;3.79556;43.5485;10.3106
Caltanissetta;Y25-34;femmine;2022;21.455785;37.4872;14.0667
Caltanissetta;Y15-24;femmine;2022;59.267564;37.4872;14.0667
Caltanissetta;Y25-34;maschi;2022;26.402301;37.4872;14.0667
Caltanissetta;Y15-24;maschi;2022;59.348246;37.4872;14.0667
Caltanissetta;Y50-74;maschi;2022;9.491272;37.4872;14.0667
Caltanissetta;Y50-74;femmine;2022;11.565364;37.4872;14.0667
Caltanissetta;Y35-49;femmine;2022;19.893646;37.4872;14.0667
Caltanissetta;Y35-49;maschi;2022;19.299652;37.4872;14.0667
Trapani;Y15-24;maschi;2022;28.014019;38.0185;12.5204
Trapani;Y25-34;femmine;2022;27.336406;38.0185;12.5204
Trapani;Y25-34;maschi;2022;12.768896;38.0185;12.5204
Trapani;Y15-24;femmine;2022;32.439255;38.0185;12.5204
Trapani;Y35-49;maschi;2022;12.135547;38.0185;12.5204
Trapani;Y50-74;maschi;2022;9.682119;38.0185;12.5204
Trapani;Y50-74;femmine;2022;8.234535;38.0185;12.5204
Trapani;Y35-49;femmine;2022;11.863852;38.0185;12.5204
Sassari;Y25-34;femmine;2022;18.384794;40.7274;8.5569
Sassari;Y25-34;maschi;2022;12.030116;40.7274;8.5569
Sassari;Y15-24;femmine;2022;17.599278;40.7274;8.5569
Sassari;Y15-24;maschi;2022;45.046406;40.7274;8.5569
Sassari;Y50-74;maschi;2022;4.928978;40.7274;8.5569
Sassari;Y50-74;femmine;2022;8.477598;40.7274;8.5569
Sassari;Y35-49;femmine;2022;11.417492;40.7274;8.5569
Sassari;Y35-49;maschi;2022;8.757721;40.7274;8.5569
Sud Sardegna;Y15-24;maschi;2022;11.567852;39.535;8.5535
Sud Sardegna;Y25-34;maschi;2022;20.88105;39.535;8.5535
Sud Sardegna;Y15-24;femmine;2022;4.977376;39.535;8.5535
Sud Sardegna;Y25-34;femmine;2022;31.485404;39.535;8.5535
Sud Sardegna;Y50-74;femmine;2022;7.659465;39.535;8.5535
Sud Sardegna;Y50-74;maschi;2022;5.194944;39.535;8.5535
Sud Sardegna;Y35-49;maschi;2022;8.494196;39.535;8.5535
Sud Sardegna;Y35-49;femmine;2022;15.655028;39.535;8.5535
Macerata;Y15-24;femmine;2022;29.144514;43.3004;13.4534
Macerata;Y25-34;femmine;2022;12.671887;43.3004;13.4534
Macerata;Y15-24;maschi;2022;11.231324;43.3004;13.4534
Macerata;Y25-34;maschi;2022;5.953939;43.3004;13.4534
Macerata;Y35-49;maschi;2022;7.478441;43.3004;13.4534
Macerata;Y50-74;femmine;2022;3.234382;43.3004;13.4534
Macerata;Y50-74;maschi;2022;4.761285;43.3004;13.4534
Macerata;Y35-49;femmine;2022;2.693785;43.3004;13.4534
Monza e della Brianza;Y25-34;femmine;2022;4.496735;45.5844;9.2732
Monza e della Brianza;Y15-24;femmine;2022;14.734549;45.5844;9.2732
Monza e della Brianza;Y25-34;maschi;2022;5.807775;45.5844;9.2732
Monza e della Brianza;Y15-24;maschi;2022;26.041348;45.5844;9.2732
Monza e della Brianza;Y50-74;maschi;2022;2.027888;45.5844;9.2732
Monza e della Brianza;Y35-49;femmine;2022;5.36528;45.5844;9.2732
Monza e della Brianza;Y50-74;femmine;2022;3.049937;45.5844;9.2732
Monza e della Brianza;Y35-49;maschi;2022;1.794289;45.5844;9.2732
Terni;Y25-34;femmine;2022;11.836935;42.5635;12.6411
Terni;Y25-34;maschi;2022;15.235937;42.5635;12.6411
Terni;Y15-24;femmine;2022;14.821429;42.5635;12.6411
Terni;Y15-24;maschi;2022;9.775281;42.5635;12.6411
Terni;Y35-49;femmine;2022;7.731039;42.5635;12.6411
Terni;Y50-74;maschi;2022;4.876227;42.5635;12.6411
Terni;Y35-49;maschi;2022;1.615725;42.5635;12.6411
Terni;Y50-74;femmine;2022;6.804676;42.5635;12.6411
Foggia;Y15-24;maschi;2022;37.18181;41.4623;15.5436
Foggia;Y25-34;femmine;2022;45.217765;41.4623;15.5436
Foggia;Y25-34;maschi;2022;22.259125;41.4623;15.5436
Foggia;Y15-24;femmine;2022;9.242199;41.4623;15.5436
Foggia;Y35-49;maschi;2022;11.732686;41.4623;15.5436
Foggia;Y50-74;maschi;2022;11.251378;41.4623;15.5436
Foggia;Y35-49;femmine;2022;14.59451;41.4623;15.5436
Foggia;Y50-74;femmine;2022;7.961281;41.4623;15.5436
Messina;Y25-34;maschi;2022;24.079896;38.1938;15.554
Messina;Y15-24;maschi;2022;43.701945;38.1938;15.554
Messina;Y15-24;femmine;2022;52.51896;38.1938;15.554
Messina;Y25-34;femmine;2022;27.044375;38.1938;15.554
Messina;Y35-49;femmine;2022;27.408162;38.1938;15.554
Messina;Y35-49;maschi;2022;16.32914;38.1938;15.554
Messina;Y50-74;maschi;2022;11.790429;38.1938;15.554
Messina;Y50-74;femmine;2022;17.318805;38.1938;15.554
Taranto;Y15-24;femmine;2022;65.375901;40.4692;17.2433
Taranto;Y15-24;maschi;2022;43.255322;40.4692;17.2433
Taranto;Y25-34;maschi;2022;20.692498;40.4692;17.2433
Taranto;Y25-34;femmine;2022;24.35142;40.4692;17.2433
Taranto;Y50-74;maschi;2022;4.963623;40.4692;17.2433
Taranto;Y35-49;femmine;2022;10.664932;40.4692;17.2433
Taranto;Y50-74;femmine;2022;5.870818;40.4692;17.2433
Taranto;Y35-49;maschi;2022;9.693218;40.4692;17.2433
Ancona;Y15-24;maschi;2022;31.369452;43.6158;13.5189
Ancona;Y25-34;maschi;2022;6.008166;43.6158;13.5189
Ancona;Y25-34;femmine;2022;3.914916;43.6158;13.5189
Ancona;Y15-24;femmine;2022;25.231176;43.6158;13.5189
Ancona;Y35-49;maschi;2022;4.536225;43.6158;13.5189
Ancona;Y50-74;maschi;2022;5.135664;43.6158;13.5189
Ancona;Y50-74;femmine;2022;8.825743;43.6158;13.5189
Ancona;Y35-49;femmine;2022;9.977783;43.6158;13.5189
Lecce;Y25-34;femmine;2022;25.913373;40.3539;18.175
Lecce;Y25-34;maschi;2022;17.086446;40.3539;18.175
Lecce;Y15-24;femmine;2022;37.761041;40.3539;18.175
Lecce;Y15-24;maschi;2022;14.726746;40.3539;18.175
Lecce;Y50-74;femmine;2022;7.952799;40.3539;18.175
Lecce;Y35-49;femmine;2022;14.980719;40.3539;18.175
Lecce;Y35-49;maschi;2022;8.590734;40.3539;18.175
Lecce;Y50-74;maschi;2022;8.612315;40.3539;18.175
Vibo Valentia;Y25-34;femmine;2022;17.549819;38.6735;16.101
Vibo Valentia;Y15-24;femmine;2022;34.728033;38.6735;16.101
Vibo Valentia;Y25-34;maschi;2022;20.407125;38.6735;16.101
Vibo Valentia;Y15-24;maschi;2022;21.060924;38.6735;16.101
Vibo Valentia;Y50-74;maschi;2022;8.263055;38.6735;16.101
Vibo Valentia;Y50-74;femmine;2022;12.242301;38.6735;16.101
Vibo Valentia;Y35-49;femmine;2022;28.330399;38.6735;16.101
Vibo Valentia;Y35-49;maschi;2022;6.633907;38.6735;16.101
Sud Sardegna;Y15-24;maschi;2022;11.567852;39.535;8.5535
Sud Sardegna;Y25-34;maschi;2022;20.88105;39.535;8.5535
Sud Sardegna;Y15-24;femmine;2022;4.977376;39.535;8.5535
Sud Sardegna;Y25-34;femmine;2022;31.485404;39.535;8.5535
Sud Sardegna;Y50-74;femmine;2022;7.659465;39.535;8.5535
Sud Sardegna;Y50-74;maschi;2022;5.194944;39.535;8.5535
Sud Sardegna;Y35-49;maschi;2022;8.494196;39.535;8.5535
Sud Sardegna;Y35-49;femmine;2022;15.655028;39.535;8.5535
Potenza;Y25-34;femmine;2022;21.629661;40.6394;15.804
Potenza;Y25-34;maschi;2022;11.311811;40.6394;15.804
Potenza;Y15-24;femmine;2022;27.731092;40.6394;15.804
Potenza;Y15-24;maschi;2022;17.962817;40.6394;15.804
Potenza;Y50-74;maschi;2022;1.942097;40.6394;15.804
Potenza;Y50-74;femmine;2022;2.709046;40.6394;15.804
Potenza;Y35-49;femmine;2022;9.129678;40.6394;15.804
Potenza;Y35-49;maschi;2022;3.671988;40.6394;15.804
Barletta-Andria-Trani;Y15-24;maschi;2022;12.591713;41.2623;16.409
Barletta-Andria-Trani;Y15-24;femmine;2022;10.481696;41.2623;16.409
Barletta-Andria-Trani;Y25-34;maschi;2022;11.12249;41.2623;16.409
Barletta-Andria-Trani;Y25-34;femmine;2022;21.761403;41.2623;16.409
Barletta-Andria-Trani;Y50-74;maschi;2022;8.028339;41.2623;16.409
Barletta-Andria-Trani;Y35-49;femmine;2022;12.150059;41.2623;16.409
Barletta-Andria-Trani;Y50-74;femmine;2022;6.804531;41.2623;16.409
Barletta-Andria-Trani;Y35-49;maschi;2022;11.13629;41.2623;16.409
Siracusa;Y25-34;maschi;2022;19.688269;37.0755;15.2866
Siracusa;Y15-24;femmine;2022;62.076624;37.0755;15.2866
Siracusa;Y15-24;maschi;2022;41.591431;37.0755;15.2866
Siracusa;Y25-34;femmine;2022;28.989772;37.0755;15.2866
Siracusa;Y50-74;maschi;2022;7.463469;37.0755;15.2866
Siracusa;Y35-49;femmine;2022;17.014073;37.0755;15.2866
Siracusa;Y50-74;femmine;2022;7.208347;37.0755;15.2866
Siracusa;Y35-49;maschi;2022;9.243143;37.0755;15.2866
Fermo;Y15-24;femmine;2022;36.651285;43.163;13.7193
Fermo;Y25-34;maschi;2022;5.286707;43.163;13.7193
Fermo;Y25-34;femmine;2022;5.274814;43.163;13.7193
Fermo;Y15-24;maschi;2022;2.767339;43.163;13.7193
Fermo;Y50-74;maschi;2022;1.843639;43.163;13.7193
Fermo;Y35-49;femmine;2022;5.00037;43.163;13.7193
Fermo;Y50-74;femmine;2022;2.074143;43.163;13.7193
Fermo;Y35-49;maschi;2022;4.061208;43.163;13.7193
Oristano;Y25-34;maschi;2022;18.194596;39.9042;8.5912
Oristano;Y15-24;maschi;2022;35.511259;39.9042;8.5912
Oristano;Y15-24;femmine;2022;36.666667;39.9042;8.5912
Oristano;Y25-34;femmine;2022;16.298906;39.9042;8.5912
Oristano;Y50-74;maschi;2022;7.693562;39.9042;8.5912
Oristano;Y50-74;femmine;2022;6.708364;39.9042;8.5912
Oristano;Y35-49;femmine;2022;12.587255;39.9042;8.5912
Oristano;Y35-49;maschi;2022;12.036813;39.9042;8.5912
Rieti;Y15-24;maschi;2022;30.45292;42.404;12.8628
Rieti;Y25-34;femmine;2022;18.296265;42.404;12.8628
Rieti;Y15-24;femmine;2022;30.35431;42.404;12.8628
Rieti;Y25-34;maschi;2022;12.408377;42.404;12.8628
Rieti;Y35-49;maschi;2022;6.417694;42.404;12.8628
Rieti;Y50-74;maschi;2022;5.795023;42.404;12.8628
Rieti;Y50-74;femmine;2022;7.561685;42.404;12.8628
Rieti;Y35-49;femmine;2022;11.595577;42.404;12.8628
Grosseto;Y25-34;maschi;2022;4.571429;42.7651;11.1136
Grosseto;Y15-24;maschi;2022;18.861607;42.7651;11.1136
Grosseto;Y15-24;femmine;2022;21.178962;42.7651;11.1136
Grosseto;Y25-34;femmine;2022;2.818387;42.7651;11.1136
Grosseto;Y35-49;femmine;2022;6.15048;42.7651;11.1136
Grosseto;Y50-74;maschi;2022;2.174871;42.7651;11.1136
Grosseto;Y35-49;maschi;2022;3.773674;42.7651;11.1136
Grosseto;Y50-74;femmine;2022;10.674252;42.7651;11.1136
Reggio di Calabria;Y15-24;femmine;2022;40.880207;38.1105;15.6514
Reggio di Calabria;Y25-34;femmine;2022;23.661097;38.1105;15.6514
Reggio di Calabria;Y25-34;maschi;2022;19.664008;38.1105;15.6514
Reggio di Calabria;Y15-24;maschi;2022;33.621668;38.1105;15.6514
Reggio di Calabria;Y50-74;maschi;2022;6.642638;38.1105;15.6514
Reggio di Calabria;Y35-49;femmine;2022;13.986126;38.1105;15.6514
Reggio di Calabria;Y50-74;femmine;2022;7.21425;38.1105;15.6514
Reggio di Calabria;Y35-49;maschi;2022;12.429759;38.1105;15.6514
Salerno;Y25-34;femmine;2022;26.091165;40.6782;14.7597
Salerno;Y25-34;maschi;2022;17.155497;40.6782;14.7597
Salerno;Y15-24;femmine;2022;36.974354;40.6782;14.7597
Salerno;Y15-24;maschi;2022;27.224405;40.6782;14.7597
Salerno;Y50-74;maschi;2022;8.317;40.6782;14.7597
Salerno;Y50-74;femmine;2022;9.388591;40.6782;14.7597
Salerno;Y35-49;femmine;2022;13.799267;40.6782;14.7597
Salerno;Y35-49;maschi;2022;12.992788;40.6782;14.7597
Nuoro;Y25-34;femmine;2022;17.601194;40.3216;9.3304
Nuoro;Y25-34;maschi;2022;10.583055;40.3216;9.3304
Nuoro;Y15-24;femmine;2022;17.92804;40.3216;9.3304
Nuoro;Y15-24;maschi;2022;12.461059;40.3216;9.3304
Nuoro;Y50-74;maschi;2022;1.982784;40.3216;9.3304
Nuoro;Y35-49;femmine;2022;10.910128;40.3216;9.3304
Nuoro;Y50-74;femmine;2022;7.036723;40.3216;9.3304
Nuoro;Y35-49;maschi;2022;4.769114;40.3216;9.3304
Viterbo;Y15-24;maschi;2022;16.118685;42.4174;12.1047
Viterbo;Y15-24;femmine;2022;42.124166;42.4174;12.1047
Viterbo;Y25-34;femmine;2022;14.119464;42.4174;12.1047
Viterbo;Y25-34;maschi;2022;5.004241;42.4174;12.1047
Viterbo;Y35-49;maschi;2022;2.819689;42.4174;12.1047
Viterbo;Y50-74;maschi;2022;8.683834;42.4174;12.1047
Viterbo;Y35-49;femmine;2022;7.874207;42.4174;12.1047
Viterbo;Y50-74;femmine;2022;4.658236;42.4174;12.1047
Enna;Y25-34;femmine;2022;10.177353;37.5673;14.2794
Enna;Y25-34;maschi;2022;21.588436;37.5673;14.2794
Enna;Y15-24;femmine;2022;63.51166;37.5673;14.2794
Enna;Y15-24;maschi;2022;43.178411;37.5673;14.2794
Enna;Y50-74;maschi;2022;5.254372;37.5673;14.2794
Enna;Y35-49;femmine;2022;12.981823;37.5673;14.2794
Enna;Y50-74;femmine;2022;4.718148;37.5673;14.2794
Enna;Y35-49;maschi;2022;10.691872;37.5673;14.2794
Campobasso;Y25-34;femmine;2022;20.741075;41.561;14.6671
Campobasso;Y25-34;maschi;2022;15.814948;41.561;14.6671
Campobasso;Y15-24;femmine;2022;27.817746;41.561;14.6671
Campobasso;Y15-24;maschi;2022;36.446125;41.561;14.6671
Campobasso;Y50-74;maschi;2022;6.006127;41.561;14.6671
Campobasso;Y50-74;femmine;2022;6.0847;41.561;14.6671
Campobasso;Y35-49;femmine;2022;8.043118;41.561;14.6671
Campobasso;Y35-49;maschi;2022;9.280035;41.561;14.6671
Caserta;Y15-24;maschi;2022;44.308261;41.0742;14.3302
Caserta;Y25-34;femmine;2022;24.450296;41.0742;14.3302
Caserta;Y25-34;maschi;2022;13.748434;41.0742;14.3302
Caserta;Y15-24;femmine;2022;53.548674;41.0742;14.3302
Caserta;Y35-49;maschi;2022;10.166605;41.0742;14.3302
Caserta;Y50-74;maschi;2022;6.918484;41.0742;14.3302
Caserta;Y50-74;femmine;2022;7.874169;41.0742;14.3302
Caserta;Y35-49;femmine;2022;20.167616;41.0742;14.3302
Isernia;Y25-34;femmine;2022;23.935599;41.591;14.2251
Isernia;Y15-24;femmine;2022;13.932584;41.591;14.2251
Isernia;Y15-24;maschi;2022;35.17179;41.591;14.2251
Isernia;Y25-34;maschi;2022;16.459533;41.591;14.2251
Isernia;Y50-74;femmine;2022;7.852349;41.591;14.2251
Isernia;Y35-49;femmine;2022;8.301264;41.591;14.2251
Isernia;Y35-49;maschi;2022;5.946667;41.591;14.2251
Isernia;Y50-74;maschi;2022;4.051819;41.591;14.2251
Avellino;Y25-34;maschi;2022;18.139783;40.914;14.7941
Avellino;Y15-24;femmine;2022;38.247243;40.914;14.7941
Avellino;Y25-34;femmine;2022;23.032657;40.914;14.7941
Avellino;Y15-24;maschi;2022;36.757133;40.914;14.7941
Avellino;Y50-74;femmine;2022;8.44747;40.914;14.7941
Avellino;Y35-49;femmine;2022;9.972832;40.914;14.7941
Avellino;Y35-49;maschi;2022;11.820293;40.914;14.7941
Avellino;Y50-74;maschi;2022;10.057194;40.914;14.7941
Ascoli Piceno;Y15-24;femmine;2022;24.520384;42.8547;13.5749
Ascoli Piceno;Y25-34;femmine;2022;9.109024;42.8547;13.5749
Ascoli Piceno;Y15-24;maschi;2022;25.307981;42.8547;13.5749
Ascoli Piceno;Y25-34;maschi;2022;5.585106;42.8547;13.5749
Ascoli Piceno;Y50-74;femmine;2022;6.694215;42.8547;13.5749
Ascoli Piceno;Y35-49;femmine;2022;10.586808;42.8547;13.5749
Ascoli Piceno;Y35-49;maschi;2022;3.376681;42.8547;13.5749
Ascoli Piceno;Y50-74;maschi;2022;1.308571;42.8547;13.5749
Catanzaro;Y15-24;maschi;2022;34.211076;38.9056;16.5946
Catanzaro;Y15-24;femmine;2022;25.791855;38.9056;16.5946
Catanzaro;Y25-34;maschi;2022;7.523268;38.9056;16.5946
Catanzaro;Y25-34;femmine;2022;17.534657;38.9056;16.5946
Catanzaro;Y50-74;femmine;2022;7.619224;38.9056;16.5946
Catanzaro;Y35-49;femmine;2022;14.285714;38.9056;16.5946
Catanzaro;Y35-49;maschi;2022;15.966134;38.9056;16.5946
Catanzaro;Y50-74;maschi;2022;9.160622;38.9056;16.5946
Crotone;Y15-24;femmine;2022;67.971809;39.0807;17.1274
Crotone;Y25-34;maschi;2022;15.398432;39.0807;17.1274
Crotone;Y25-34;femmine;2022;26.743105;39.0807;17.1274
Crotone;Y15-24;maschi;2022;30.899436;39.0807;17.1274
Crotone;Y50-74;femmine;2022;11.610919;39.0807;17.1274
Crotone;Y35-49;femmine;2022;13.716525;39.0807;17.1274
Crotone;Y35-49;maschi;2022;17.56718;39.0807;17.1274
Crotone;Y50-74;maschi;2022;7.408815;39.0807;17.1274
Benevento;Y25-34;femmine;2022;21.314456;41.1291;14.7815
Benevento;Y25-34;maschi;2022;8.829193;41.1291;14.7815
Benevento;Y15-24;maschi;2022;26.953673;41.1291;14.7815
Benevento;Y15-24;femmine;2022;27.109515;41.1291;14.7815
Benevento;Y35-49;maschi;2022;7.644568;41.1291;14.7815
Benevento;Y50-74;femmine;2022;4.420239;41.1291;14.7815
Benevento;Y35-49;femmine;2022;6.997726;41.1291;14.7815
Benevento;Y50-74;maschi;2022;1.875155;41.1291;14.7815
Bari;Y15-24;maschi;2022;36.009732;41.1171;16.8719
Bari;Y25-34;femmine;2022;20.632601;41.1171;16.8719
Bari;Y25-34;maschi;2022;7.635503;41.1171;16.8719
Bari;Y15-24;femmine;2022;38.723917;41.1171;16.8719
Bari;Y50-74;maschi;2022;2.920065;41.1171;16.8719
Bari;Y50-74;femmine;2022;4.360375;41.1171;16.8719
Bari;Y35-49;femmine;2022;11.499526;41.1171;16.8719
Bari;Y35-49;maschi;2022;5.281781;41.1171;16.8719
Perugia;Y25-34;femmine;2022;13.678301;43.1107;12.3908
Perugia;Y25-34;maschi;2022;10.726084;43.1107;12.3908
Perugia;Y15-24;femmine;2022;18.703321;43.1107;12.3908
Perugia;Y15-24;maschi;2022;18.155904;43.1107;12.3908
Perugia;Y50-74;maschi;2022;6.175792;43.1107;12.3908
Perugia;Y50-74;femmine;2022;5.894635;43.1107;12.3908
Perugia;Y35-49;femmine;2022;6.247215;43.1107;12.3908
Perugia;Y35-49;maschi;2022;3.463454;43.1107;12.3908
Reggio di Calabria;Y15-24;femmine;2022;40.880207;38.1105;15.6514
Reggio di Calabria;Y25-34;femmine;2022;23.661097;38.1105;15.6515
Reggio di Calabria;Y25-34;maschi;2022;19.664008;38.1106;15.6516
Reggio di Calabria;Y15-24;maschi;2022;33.621668;38.1107;15.6517
Reggio di Calabria;Y50-74;maschi;2022;6.642638;38.1108;15.6518
Reggio di Calabria;Y35-49;femmine;2022;13.986126;38.1109;15.6519
Reggio di Calabria;Y50-74;femmine;2022;7.21425;38.111;15.652
Reggio di Calabria;Y35-49;maschi;2022;12.429759;38.1111;15.6521
Cosenza;Y25-34;femmine;2022;33.773309;39.2673;16.2559
Cosenza;Y25-34;maschi;2022;22.578526;39.2673;16.2559
Cosenza;Y15-24;femmine;2022;34.69905;39.2673;16.2559
Cosenza;Y15-24;maschi;2022;34.104514;39.2673;16.2559
Cosenza;Y50-74;femmine;2022;6.594678;39.2673;16.2559
Cosenza;Y35-49;maschi;2022;16.555605;39.2673;16.2559
Cosenza;Y50-74;maschi;2022;5.395425;39.2673;16.2559
Cosenza;Y35-49;femmine;2022;18.017867;39.2673;16.2559
Brindisi;Y25-34;maschi;2022;9.324586;40.6321;17.9407
Brindisi;Y15-24;maschi;2022;24.064768;40.6321;17.9407
Brindisi;Y15-24;femmine;2022;38.320816;40.6321;17.9407
Brindisi;Y25-34;femmine;2022;33.863034;40.6321;17.9407
Brindisi;Y50-74;femmine;2022;5.005153;40.6321;17.9407
Brindisi;Y35-49;maschi;2022;9.130644;40.6321;17.9407
Brindisi;Y50-74;maschi;2022;7.037048;40.6321;17.9407
Brindisi;Y35-49;femmine;2022;16.056818;40.6321;17.9407
Cagliari;Y25-34;femmine;2022;23.17133;39.2238;9.1217
Cagliari;Y15-24;femmine;2022;21.567707;39.2238;9.1217
Cagliari;Y25-34;maschi;2022;17.209302;39.2238;9.1217
Cagliari;Y15-24;maschi;2022;37.95018;39.2238;9.1217
Cagliari;Y50-74;maschi;2022;7.812343;39.2238;9.1217
Cagliari;Y35-49;femmine;2022;13.814241;39.2238;9.1217
Cagliari;Y50-74;femmine;2022;11.334628;39.2238;9.1217
Cagliari;Y35-49;maschi;2022;11.683983;39.2238;9.1217
Frosinone;Y15-24;maschi;2022;17.788875;41.6401;13.3516
Frosinone;Y15-24;femmine;2022;25.968743;41.6401;13.3516
Frosinone;Y25-34;maschi;2022;9.829957;41.6401;13.3516
Frosinone;Y25-34;femmine;2022;13.960661;41.6401;13.3516
Frosinone;Y50-74;femmine;2022;4.689104;41.6401;13.3516
Frosinone;Y35-49;femmine;2022;14.290979;41.6401;13.3516
Frosinone;Y35-49;maschi;2022;6.860958;41.6401;13.3516
Frosinone;Y50-74;maschi;2022;3.584708;41.6401;13.3516
L'Aquila;Y15-24;femmine;2022;34.191555;42.3505;13.3995
L'Aquila;Y25-34;femmine;2022;13.215463;42.3505;13.3995
L'Aquila;Y25-34;maschi;2022;19.674223;42.3505;13.3995
L'Aquila;Y15-24;maschi;2022;26.447037;42.3505;13.3995
L'Aquila;Y50-74;maschi;2022;5.789051;42.3505;13.3995
L'Aquila;Y35-49;femmine;2022;8.074932;42.3505;13.3995
L'Aquila;Y50-74;femmine;2022;6.026025;42.3505;13.3995
L'Aquila;Y35-49;maschi;2022;3.351565;42.3505;13.3995
Matera;Y25-34;femmine;2022;12.527126;40.6685;16.6064
Matera;Y15-24;femmine;2022;50.865385;40.6685;16.6064
Matera;Y25-34;maschi;2022;8.547443;40.6685;16.6064
Matera;Y15-24;maschi;2022;23.541167;40.6685;16.6064
Matera;Y50-74;maschi;2022;3.54568;40.6685;16.6064
Matera;Y35-49;femmine;2022;9.506066;40.6685;16.6064
Matera;Y50-74;femmine;2022;3.762064;40.6685;16.6064
Matera;Y35-49;maschi;2022;5.889261;40.6685;16.6064
Siena;Y25-34;femmine;2022;10.813594;43.3186;11.3305
Siena;Y15-24;femmine;2022;18.385992;43.3186;11.3305
Siena;Y25-34;maschi;2022;4.315634;43.3186;11.3305
Siena;Y15-24;maschi;2022;13.581018;43.3186;11.3305
Siena;Y50-74;femmine;2022;4.16421;43.3186;11.3305
Siena;Y35-49;maschi;2022;1.522432;43.3186;11.3305
Siena;Y50-74;maschi;2022;2.144887;43.3186;11.3305
Siena;Y35-49;femmine;2022;5.381808;43.3186;11.3305
Palermo;Y25-34;femmine;2022;34.546718;38.1157;13.3615
Palermo;Y15-24;femmine;2022;51.738035;38.1157;13.3615
Palermo;Y15-24;maschi;2022;34.245005;38.1157;13.3615
Palermo;Y25-34;maschi;2022;27.189468;38.1157;13.3615
Palermo;Y35-49;femmine;2022;16.597435;38.1157;13.3615
Palermo;Y35-49;maschi;2022;14.223052;38.1157;13.3615
Palermo;Y50-74;maschi;2022;11.096201;38.1157;13.3615
Palermo;Y50-74;femmine;2022;8.590296;38.1157;13.3615
Ragusa;Y15-24;femmine;2022;24.026591;36.9282;14.7172
Ragusa;Y25-34;maschi;2022;8.968517;36.9282;14.7172
Ragusa;Y25-34;femmine;2022;24.471218;36.9282;14.7172
Ragusa;Y15-24;maschi;2022;20.726612;36.9282;14.7172
Ragusa;Y50-74;maschi;2022;5.088077;36.9282;14.7172
Ragusa;Y50-74;femmine;2022;5.568978;36.9282;14.7172
Ragusa;Y35-49;femmine;2022;10.234279;36.9282;14.7172
Ragusa;Y35-49;maschi;2022;7.074948;36.9282;14.7172
Napoli;Y25-34;maschi;2022;24.689813;40.8522;14.2681
Napoli;Y25-34;femmine;2022;31.590307;40.8522;14.2681
Napoli;Y15-24;femmine;2022;49.286369;40.8522;14.2681
Napoli;Y15-24;maschi;2022;43.396226;40.8522;14.2681
Napoli;Y50-74;femmine;2022;12.853206;40.8522;14.2681
Napoli;Y35-49;femmine;2022;22.318306;40.8522;14.2681
Napoli;Y35-49;maschi;2022;16.72505;40.8522;14.2681
Napoli;Y50-74;maschi;2022;12.554809;40.8522;14.2681
Arezzo;Y15-24;maschi;2022;12.883772;43.4638;11.8787
Arezzo;Y25-34;maschi;2022;9.120115;43.4638;11.8787
Arezzo;Y25-34;femmine;2022;7.660739;43.4638;11.8787
Arezzo;Y15-24;femmine;2022;35.001564;43.4638;11.8787
Arezzo;Y35-49;maschi;2022;3.144936;43.4638;11.8787
Arezzo;Y50-74;maschi;2022;3.661585;43.4638;11.8787
Arezzo;Y50-74;femmine;2022;2.72648;43.4638;11.8787
Arezzo;Y35-49;femmine;2022;2.941176;43.4638;11.8787
Chieti;Y25-34;femmine;2022;22.470696;42.3502;14.1675
Chieti;Y15-24;maschi;2022;16.705735;42.3502;14.1675
Chieti;Y25-34;maschi;2022;12.022529;42.3502;14.1675
Chieti;Y15-24;femmine;2022;60.320563;42.3502;14.1675
Chieti;Y50-74;femmine;2022;12.617087;42.3502;14.1675
Chieti;Y35-49;maschi;2022;4.253391;42.3502;14.1675
Chieti;Y35-49;femmine;2022;15.836886;42.3502;14.1675
Chieti;Y50-74;maschi;2022;4.684601;42.3502;14.1675
Teramo;Y25-34;maschi;2022;5.837821;42.6589;13.7044
Teramo;Y25-34;femmine;2022;10.452724;42.6589;13.7044
Teramo;Y15-24;femmine;2022;9.272919;42.6589;13.7044
Teramo;Y15-24;maschi;2022;6.316099;42.6589;13.7044
Teramo;Y35-49;maschi;2022;7.058905;42.6589;13.7044
Teramo;Y50-74;maschi;2022;5.158329;42.6589;13.7044
Teramo;Y50-74;femmine;2022;3.494612;42.6589;13.7044
Teramo;Y35-49;femmine;2022;7.133764;42.6589;13.7044
Latina;Y25-34;femmine;2022;21.749838;41.4668;12.9045
Latina;Y15-24;femmine;2022;32.827684;41.4668;12.9045
Latina;Y15-24;maschi;2022;21.572658;41.4668;12.9045
Latina;Y25-34;maschi;2022;7.923655;41.4668;12.9045
Latina;Y50-74;femmine;2022;8.941482;41.4668;12.9045
Latina;Y35-49;maschi;2022;3.641399;41.4668;12.9045
Latina;Y50-74;maschi;2022;4.255536;41.4668;12.9045
Latina;Y35-49;femmine;2022;13.425774;41.4668;12.9045
Pescara;Y15-24;maschi;2022;27.822581;42.4612;14.2166
Pescara;Y25-34;femmine;2022;21.164021;42.4612;14.2166
Pescara;Y15-24;femmine;2022;27.31981;42.4612;14.2166
Pescara;Y25-34;maschi;2022;6.204025;42.4612;14.2166
Pescara;Y35-49;maschi;2022;5.4283;42.4612;14.2166
Pescara;Y50-74;maschi;2022;4.554714;42.4612;14.2166
Pescara;Y50-74;femmine;2022;13.608641;42.4612;14.2166
Pescara;Y35-49;femmine;2022;17.846751;42.4612;14.2166
Pisa;Y15-24;maschi;2022;22.048998;43.7228;10.4017
Pisa;Y25-34;femmine;2022;10.055444;43.7228;10.4017
Pisa;Y25-34;maschi;2022;7.450814;43.7228;10.4017
Pisa;Y15-24;femmine;2022;17.774654;43.7228;10.4017
Pisa;Y35-49;maschi;2022;6.126438;43.7228;10.4017
Pisa;Y50-74;maschi;2022;3.177127;43.7228;10.4017
Pisa;Y50-74;femmine;2022;5.159987;43.7228;10.4017
Pisa;Y35-49;femmine;2022;5.790799;43.7228;10.4017
Pesaro e Urbino;Y15-24;maschi;2022;22.922304;43.911;12.9133
Pesaro e Urbino;Y25-34;femmine;2022;7.694645;43.911;12.9133
Pesaro e Urbino;Y15-24;femmine;2022;6.650571;43.911;12.9133
Pesaro e Urbino;Y25-34;maschi;2022;7.000551;43.911;12.9133
Pesaro e Urbino;Y35-49;maschi;2022;1.265602;43.911;12.9133
Pesaro e Urbino;Y50-74;maschi;2022;0.508927;43.911;12.9133
Pesaro e Urbino;Y50-74;femmine;2022;6.68022;43.911;12.9133
Pesaro e Urbino;Y35-49;femmine;2022;5.85975;43.911;12.9133
Catania;Y25-34;femmine;2022;23.968197;37.5027;15.0873
Catania;Y25-34;maschi;2022;18.67975;37.5027;15.0873
Catania;Y15-24;femmine;2022;52.791598;37.5027;15.0873
Catania;Y15-24;maschi;2022;33.903134;37.5027;15.0873
Catania;Y50-74;maschi;2022;9.569927;37.5027;15.0873
Catania;Y35-49;femmine;2022;18.099119;37.5027;15.0873
Catania;Y50-74;femmine;2022;8.985305;37.5027;15.0873
Catania;Y35-49;maschi;2022;15.387049;37.5027;15.0873
Roma;Y15-24;maschi;2022;25.16094;41.9028;12.4964
Roma;Y25-34;femmine;2022;11.499515;41.9028;12.4964
Roma;Y15-24;femmine;2022;29.567905;41.9028;12.4964
Roma;Y25-34;maschi;2022;10.713098;41.9028;12.4964
Roma;Y35-49;maschi;2022;4.970633;41.9028;12.4964
Roma;Y50-74;maschi;2022;4.266812;41.9028;12.4964
Roma;Y50-74;femmine;2022;5.260574;41.9028;12.4964
Roma;Y35-49;femmine;2022;7.58519;41.9028;12.4964
Agrigento;Y15-24;maschi;2022;55.829983;37.3119;13.5765
Agrigento;Y25-34;femmine;2022;26.982601;37.3119;13.5765
Agrigento;Y25-34;maschi;2022;36.116653;37.3119;13.5765
Agrigento;Y15-24;femmine;2022;64.241277;37.3119;13.5765
Agrigento;Y50-74;femmine;2022;8.71884;37.3119;13.5765
Agrigento;Y35-49;femmine;2022;20.531453;37.3119;13.5765
Agrigento;Y35-49;maschi;2022;9.575691;37.3119;13.5765
Agrigento;Y50-74;maschi;2022;8.110107;37.3119;13.5765
